text,label
"Kindly advise the luggage limit on the Mombasa route.",calm
"Which counter handles group check-in?",calm
"Do infants receive a seat on long haul services?",calm
"I am comparing fares and need the change conditions.",calm
"Would a foldable bicycle be treated as sports equipment?",calm
"Any idea when the Dubai service resumes?",calm
"Please share the timings for the Kisumu departure.",calm
"Is lounge access included with my fare type?",calm
"Where can I find the terms for award tickets?",calm
"Could someone explain the difference in cabin classes?",calm
"I booked through an agent, who handles the refund?",calm
"Does the allowance change if I add a stopover?",calm
"Just checking, is the flight still operating today?",calm
"I need clarity on the rules for a second passport.",calm
"Which airport terminal does KQ use in Paris?",calm
"May I know the deadline for seat selection?",calm
"Is there a student discount available?",calm
"I am enquiring about the pet in cabin policy.",calm
"Could you outline what happens during a schedule change?",calm
"Do you publish a table of regional charges?",calm
"What is the position on prams at the gate?",calm
"I wish to confirm the ticket validity period.",calm
"Are there restrictions on power banks in the cabin?",calm
"Kindly confirm whether my fare permits a refund.",calm
"Who do I speak to about a group booking?",calm
"I would value your guidance on connecting times.",calm
"Is a printed boarding pass still required?",calm
"Could you verify the departure time has not moved?",calm
"What is the arrangement for unaccompanied minors?",calm
"I am curious about the loyalty tier benefits.",calm
"Perhaps you could confirm the hold luggage size?",calm
"Any guidance on travelling with medication?",calm
"I would like the reference for my recent payment.",calm
"Does the fare include a checked bag?",calm
"Kindly let me know what the surcharge covers.",calm
"I am unsure which fee applies to my route.",calm
"Would you be able to check a booking reference for me?",calm
"Is there a shuttle between the terminals?",calm
"What time does the lounge open in the morning?",calm
"I would appreciate a summary of the conditions.",calm
"Sorry to bother you, what is the cabin bag limit?",calm
"One quick thing, does that price include taxes?",calm
"Before I book, can I change the date later?",calm
"Just to confirm, the flight leaves at eight?",calm
"Are you able to tell me the aircraft type?",calm
"Nothing urgent, I just need the baggage rules.",calm
"Whenever you have a moment, the refund status please.",calm
"I hope you can help me with a fare question.",calm
"It would be useful to know the transfer process.",calm
"For planning purposes, what is the latest check-in?",calm
"Nobody has responded to my claim in over a month.",frustrated
"The way this has been handled is simply indefensible.",frustrated
"I was left stranded overnight with no assistance whatsoever.",frustrated
"Being fobbed off with a voucher is not a resolution.",frustrated
"I have chased this six times and got nowhere.",frustrated
"Your representative was dismissive and frankly rude.",frustrated
"An entire week of my holiday was destroyed by this.",frustrated
"I find it outrageous that nobody has taken ownership.",frustrated
"The silence from your side has been deafening.",frustrated
"I am at breaking point with this whole affair.",frustrated
"You took the payment and then cancelled without a word.",frustrated
"Frankly this is the most incompetent handling I have seen.",frustrated
"My suitcase came back in pieces and nobody cares.",frustrated
"I have had to buy clothes because you lost my bag.",frustrated
"Passing me between departments is not customer service.",frustrated
"Do not send me another templated reply.",frustrated
"I expect a senior person to contact me without delay.",frustrated
"This has dragged on far longer than is reasonable.",frustrated
"The compensation offered does not begin to cover my losses.",frustrated
"I have been treated as though my time means nothing.",frustrated
"Nobody at the desk was willing to even listen.",frustrated
"It is unacceptable that I had to find out from the board.",frustrated
"I will not let this go until it is resolved properly.",frustrated
"The entire experience has left a very bitter taste.",frustrated
"I have lost an important contract because of your delay.",frustrated
"Your process seems designed to exhaust people into giving up.",frustrated
"I am seeking advice on taking this further.",frustrated
"Three months on and I am still out of pocket.",frustrated
"The complete absence of updates is what angers me most.",frustrated
"I was made to feel like a nuisance for asking.",frustrated
"You have shown no regard for what this cost me.",frustrated
"I am thoroughly disillusioned with this airline.",frustrated
"Another empty promise and another week wasted.",frustrated
"How can it possibly take this long to answer?",frustrated
"I am incensed by the charge that appeared on my card.",frustrated
"Nothing has improved despite all the assurances.",frustrated
"My confidence in your service is completely gone.",frustrated
"This borders on contempt for paying customers.",frustrated
"I have documented everything and I expect action.",frustrated
"The excuses have become genuinely insulting.",frustrated
"ABSOLUTELY DISGRACEFUL, I WANT THIS SORTED TODAY",frustrated
"Why has nobody called me back?!",frustrated
"Still waiting!!! Three weeks now!!!",frustrated
"I am LIVID about this",frustrated
"Unbelievable. Just unbelievable.",frustrated
"Enough. I want a manager.",frustrated
"No more excuses please.",frustrated
"Sort this out. Now.",frustrated
"I have never been so let down.",frustrated
"This cannot continue any longer.",frustrated
